{ "columns":4,
 "editorsettings":
    {
     "export":
        {
         "format":"",
         "target":"."
        }
    },
 "image":"tileset.png",
 "imageheight":128,
 "imagewidth":128,
 "margin":0,
 "name":"tileset",
 "spacing":0,
 "tilecount":16,
 "tiledversion":"1.4.1",
 "tileheight":32,
 "tiles":[
        {
         "id":0,
         "objectgroup":
            {
             "draworder":"index",
             "id":3,
             "name":"",
             "objects":[
                    {
                     "height":0,
                     "id":3,
                     "name":"",
                     "polygon":[
                            {
                             "x":0,
                             "y":0
                            }, 
                            {
                             "x":0.823798627002288,
                             "y":-15.0114416475973
                            }, 
                            {
                             "x":6.40732265446224,
                             "y":-22.2425629290618
                            }, 
                            {
                             "x":19.4965675057208,
                             "y":-24.5308924485126
                            }, 
                            {
                             "x":27.0938215102975,
                             "y":-24.1647597254005
                            }, 
                            {
                             "x":27.1853546910755,
                             "y":-32.2196796338673
                            }, 
                            {
                             "x":-4.66819221967963,
                             "y":-31.2128146453089
                            }, 
                            {
                             "x":-4.66819221967963,
                             "y":0.45766590389016
                            }, 
                            {
                             "x":0.0915331807780317,
                             "y":0.640732265446225
                            }],
                     "rotation":0,
                     "type":"",
                     "visible":true,
                     "width":0,
                     "x":4.75972540045767,
                     "y":31.304347826087
                    }],
             "opacity":1,
             "type":"objectgroup",
             "visible":true,
             "x":0,
             "y":0
            }
        }, 
        {
         "id":1,
         "objectgroup":
            {
             "draworder":"index",
             "id":2,
             "name":"",
             "objects":[
                    {
                     "height":0,
                     "id":1,
                     "name":"",
                     "polygon":[
                            {
                             "x":0,
                             "y":0
                            }, 
                            {
                             "x":1.09839816933638,
                             "y":-15.1945080091533
                            }, 
                            {
                             "x":-3.02059496567506,
                             "y":-22.883295194508
                            }, 
                            {
                             "x":-9.06178489702517,
                             "y":-26.2700228832952
                            }, 
                            {
                             "x":-18.7643020594966,
                             "y":-26.6361556064073
                            }, 
                            {
                             "x":-24.6224256292906,
                             "y":-25.3546910755149
                            }, 
                            {
                             "x":-24.6224256292906,
                             "y":-31.8535469107552
                            }, 
                            {
                             "x":7.23112128146453,
                             "y":-31.8535469107552
                            }, 
                            {
                             "x":7.23112128146453,
                             "y":0
                            }],
                     "rotation":0,
                     "type":"",
                     "visible":true,
                     "width":0,
                     "x":24.7139588100687,
                     "y":31.9450800915332
                    }],
             "opacity":1,
             "type":"objectgroup",
             "visible":true,
             "x":0,
             "y":0
            }
        }, 
        {
         "id":2,
         "objectgroup":
            {
             "draworder":"index",
             "id":2,
             "name":"",
             "objects":[
                    {
                     "height":0,
                     "id":1,
                     "name":"",
                     "polygon":[
                            {
                             "x":0,
                             "y":0
                            }, 
                            {
                             "x":-18.1235697940503,
                             "y":0.0915331807780317
                            }, 
                            {
                             "x":-26.6361556064073,
                             "y":1.28146453089245
                            }, 
                            {
                             "x":-31.7620137299771,
                             "y":1.09839816933638
                            }, 
                            {
                             "x":-31.7620137299771,
                             "y":-6.22425629290618
                            }, 
                            {
                             "x":0,
                             "y":-6.22425629290618
                            }],
                     "rotation":0,
                     "type":"",
                     "visible":true,
                     "width":0,
                     "x":31.8535469107552,
                     "y":6.31578947368421
                    }],
             "opacity":1,
             "type":"objectgroup",
             "visible":true,
             "x":0,
             "y":0
            }
        }, 
        {
         "id":3,
         "objectgroup":
            {
             "draworder":"index",
             "id":2,
             "name":"",
             "objects":[
                    {
                     "height":0,
                     "id":1,
                     "name":"",
                     "polygon":[
                            {
                             "x":0,
                             "y":0
                            }, 
                            {
                             "x":-30.6636155606407,
                             "y":-0.366132723112128
                            }, 
                            {
                             "x":-31.5789473684211,
                             "y":-0.366132723112128
                            }, 
                            {
                             "x":-31.6704805491991,
                             "y":-6.31578947368421
                            }, 
                            {
                             "x":0.183066361556065,
                             "y":-6.04118993135011
                            }],
                     "rotation":0,
                     "type":"",
                     "visible":true,
                     "width":0,
                     "x":31.7620137299771,
                     "y":6.22425629290618
                    }],
             "opacity":1,
             "type":"objectgroup",
             "visible":true,
             "x":0,
             "y":0
            }
        }, 
        {
         "id":4,
         "objectgroup":
            {
             "draworder":"index",
             "id":2,
             "name":"",
             "objects":[
                    {
                     "height":0,
                     "id":1,
                     "name":"",
                     "polygon":[
                            {
                             "x":0,
                             "y":0
                            }, 
                            {
                             "x":-2.2883295194508,
                             "y":-12.7231121281465
                            }, 
                            {
                             "x":-2.65446224256293,
                             "y":-29.6567505720824
                            }, 
                            {
                             "x":-3.20366132723112,
                             "y":-31.6704805491991
                            }, 
                            {
                             "x":-8.23798627002288,
                             "y":-31.6704805491991
                            }, 
                            {
                             "x":-8.23798627002288,
                             "y":0.183066361556065
                            }],
                     "rotation":0,
                     "type":"",
                     "visible":true,
                     "width":0,
                     "x":8.32951945080092,
                     "y":31.7620137299771
                    }],
             "opacity":1,
             "type":"objectgroup",
             "visible":true,
             "x":0,
             "y":0
            }
        }, 
        {
         "id":5,
         "objectgroup":
            {
             "draworder":"index",
             "id":2,
             "name":"",
             "objects":[
                    {
                     "height":0,
                     "id":1,
                     "name":"",
                     "polygon":[
                            {
                             "x":0,
                             "y":0
                            }, 
                            {
                             "x":1.64759725400458,
                             "y":3.93592677345538
                            }, 
                            {
                             "x":5.49199084668192,
                             "y":6.59038901601831
                            }, 
                            {
                             "x":6.68192219679634,
                             "y":6.13272311212815
                            }, 
                            {
                             "x":6.68192219679634,
                             "y":0.183066361556064
                            }],
                     "rotation":0,
                     "type":"",
                     "visible":true,
                     "width":0,
                     "x":25.2631578947368,
                     "y":-0.091533180778032
                    }],
             "opacity":1,
             "type":"objectgroup",
             "visible":true,
             "x":0,
             "y":0
            }
        }, 
        {
         "id":6,
         "objectgroup":
            {
             "draworder":"index",
             "id":2,
             "name":"",
             "objects":[
                    {
                     "height":0,
                     "id":1,
                     "name":"",
                     "polygon":[
                            {
                             "x":0,
                             "y":0
                            }, 
                            {
                             "x":-1.18993135011442,
                             "y":-12.4485125858124
                            }, 
                            {
                             "x":-6.8649885583524,
                             "y":-21.0526315789474
                            }, 
                            {
                             "x":-15.2860411899314,
                             "y":-25.3546910755149
                            }, 
                            {
                             "x":-26.7276887871854,
                             "y":-25.629290617849
                            }, 
                            {
                             "x":-26.7276887871854,
                             "y":-31.8535469107552
                            }, 
                            {
                             "x":5.21739130434782,
                             "y":-31.8535469107552
                            }, 
                            {
                             "x":5.1258581235698,
                             "y":-0.0915331807780326
                            }],
                     "rotation":0,
                     "type":"",
                     "visible":true,
                     "width":0,
                     "x":26.8192219679634,
                     "y":31.9450800915332
                    }],
             "opacity":1,
             "type":"objectgroup",
             "visible":true,
             "x":0,
             "y":0
            }
        }, 
        {
         "id":8,
         "objectgroup":
            {
             "draworder":"index",
             "id":2,
             "name":"",
             "objects":[
                    {
                     "height":0,
                     "id":1,
                     "name":"",
                     "polygon":[
                            {
                             "x":0,
                             "y":0
                            }, 
                            {
                             "x":-1.64759725400458,
                             "y":13.2723112128146
                            }, 
                            {
                             "x":-2.10526315789474,
                             "y":20.2288329519451
                            }, 
                            {
                             "x":3.84439359267735,
                             "y":25.720823798627
                            }, 
                            {
                             "x":22.5171624713959,
                             "y":24.7139588100687
                            }, 
                            {
                             "x":22.5171624713959,
                             "y":31.5789473684211
                            }, 
                            {
                             "x":-9.33638443935927,
                             "y":31.5789473684211
                            }, 
                            {
                             "x":-9.4279176201373,
                             "y":-0.366132723112128
                            }],
                     "rotation":0,
                     "type":"",
                     "visible":true,
                     "width":0,
                     "x":9.51945080091533,
                     "y":0.366132723112128
                    }],
             "opacity":1,
             "type":"objectgroup",
             "visible":true,
             "x":0,
             "y":0
            }
        }, 
        {
         "id":9,
         "objectgroup":
            {
             "draworder":"index",
             "id":2,
             "name":"",
             "objects":[
                    {
                     "height":0,
                     "id":1,
                     "name":"",
                     "polygon":[
                            {
                             "x":0,
                             "y":0
                            }, 
                            {
                             "x":-12.9061784897025,
                             "y":1.73913043478261
                            }, 
                            {
                             "x":-28.7414187643021,
                             "y":-1.00686498855835
                            }, 
                            {
                             "x":-31.6704805491991,
                             "y":-1.00686498855835
                            }, 
                            {
                             "x":-31.5789473684211,
                             "y":6.22425629290618
                            }, 
                            {
                             "x":0.183066361556065,
                             "y":6.04118993135011
                            }],
                     "rotation":0,
                     "type":"",
                     "visible":true,
                     "width":0,
                     "x":31.7620137299771,
                     "y":25.629290617849
                    }],
             "opacity":1,
             "type":"objectgroup",
             "visible":true,
             "x":0,
             "y":0
            }
        }, 
        {
         "id":10,
         "objectgroup":
            {
             "draworder":"index",
             "id":2,
             "name":"",
             "objects":[
                    {
                     "height":0,
                     "id":1,
                     "name":"",
                     "polygon":[
                            {
                             "x":0,
                             "y":0
                            }, 
                            {
                             "x":-1.28146453089245,
                             "y":10.0686498855835
                            }, 
                            {
                             "x":-7.23112128146453,
                             "y":18.6727688787185
                            }, 
                            {
                             "x":-19.1304347826087,
                             "y":24.5308924485126
                            }, 
                            {
                             "x":-26.2700228832952,
                             "y":25.812356979405
                            }, 
                            {
                             "x":-26.8192219679634,
                             "y":26.1784897025172
                            }, 
                            {
                             "x":-26.8192219679634,
                             "y":31.1212814645309
                            }, 
                            {
                             "x":5.03432494279176,
                             "y":31.304347826087
                            }, 
                            {
                             "x":5.03432494279176,
                             "y":-0.549199084668192
                            }],
                     "rotation":0,
                     "type":"",
                     "visible":true,
                     "width":0,
                     "x":26.8192219679634,
                     "y":0.640732265446224
                    }],
             "opacity":1,
             "type":"objectgroup",
             "visible":true,
             "x":0,
             "y":0
            }
        }, 
        {
         "id":12,
         "objectgroup":
            {
             "draworder":"index",
             "id":2,
             "name":"",
             "objects":[
                    {
                     "height":31.9450800915332,
                     "id":1,
                     "name":"",
                     "rotation":0,
                     "type":"",
                     "visible":true,
                     "width":32.0366132723112,
                     "x":1.77635683940025e-15,
                     "y":0.0915331807780326
                    }],
             "opacity":1,
             "type":"objectgroup",
             "visible":true,
             "x":0,
             "y":0
            }
        }],
 "tilewidth":32,
 "type":"tileset",
 "version":1.4
}