{
    "frames": [
        {
            "filename": "green_wire_01",
            "frame": {
                "x": 351,
                "y": 0,
                "w": 350,
                "h": 300
            },
            "anchor": {
                "x": 0,
                "y": 0
            }
        },
        {
            "filename": "green_wire_02",
            "frame": {
                "x": 351,
                "y": 602,
                "w": 350,
                "h": 300
            },
            "anchor": {
                "x": 0,
                "y": 0
            }
        },
        {
            "filename": "green_wire_03",
            "frame": {
                "x": 351,
                "y": 602,
                "w": 350,
                "h": 300
            },
            "anchor": {
                "x": 0,
                "y": 0
            }
        },
        {
            "filename": "green_wire_04",
            "frame": {
                "x": 351,
                "y": 602,
                "w": 350,
                "h": 300
            },
            "anchor": {
                "x": 0,
                "y": 0
            }
        },
        {
            "filename": "green_wire_05",
            "frame": {
                "x": 351,
                "y": 301,
                "w": 350,
                "h": 300
            },
            "anchor": {
                "x": 0,
                "y": 0
            }
        },
        {
            "filename": "green_wire_06",
            "frame": {
                "x": 702,
                "y": 0,
                "w": 350,
                "h": 300
            },
            "anchor": {
                "x": 0,
                "y": 0
            }
        },
        {
            "filename": "green_wire_07",
            "frame": {
                "x": 0,
                "y": 602,
                "w": 350,
                "h": 300
            },
            "anchor": {
                "x": 0,
                "y": 0
            }
        },
        {
            "filename": "green_wire_08",
            "frame": {
                "x": 351,
                "y": 602,
                "w": 350,
                "h": 300
            },
            "anchor": {
                "x": 0,
                "y": 0
            }
        },
        {
            "filename": "green_wire_09",
            "frame": {
                "x": 0,
                "y": 301,
                "w": 350,
                "h": 300
            },
            "anchor": {
                "x": 0,
                "y": 0
            }
        },
        {
            "filename": "green_wire_10",
            "frame": {
                "x": 0,
                "y": 0,
                "w": 350,
                "h": 300
            },
            "anchor": {
                "x": 0,
                "y": 0
            }
        },
        {
            "filename": "green_wire_11",
            "frame": {
                "x": 351,
                "y": 602,
                "w": 350,
                "h": 300
            },
            "anchor": {
                "x": 0,
                "y": 0
            }
        },
        {
            "filename": "green_wire_12",
            "frame": {
                "x": 351,
                "y": 602,
                "w": 350,
                "h": 300
            },
            "anchor": {
                "x": 0,
                "y": 0
            }
        }
    ],
    "meta": {
        "size": {
            "w": 1053,
            "h": 903
        },
        "scale": "1"
    }
}
