{
    "frames": [
        {
            "filename": "hero_action_01",
            "frame": {
                "x": 60,
                "y": 32,
                "w": 29,
                "h": 31
            },
            "anchor": {
                "x": 0,
                "y": 0
            }
        },
        {
            "filename": "hero_action_02",
            "frame": {
                "x": 60,
                "y": 0,
                "w": 29,
                "h": 31
            },
            "anchor": {
                "x": 0,
                "y": 0
            }
        },
        {
            "filename": "hero_action_03",
            "frame": {
                "x": 30,
                "y": 64,
                "w": 29,
                "h": 31
            },
            "anchor": {
                "x": 0,
                "y": 0
            }
        },
        {
            "filename": "hero_action_04",
            "frame": {
                "x": 30,
                "y": 0,
                "w": 29,
                "h": 31
            },
            "anchor": {
                "x": 0,
                "y": 0
            }
        },
        {
            "filename": "hero_action_05",
            "frame": {
                "x": 0,
                "y": 64,
                "w": 29,
                "h": 31
            },
            "anchor": {
                "x": 0,
                "y": 0
            }
        },
        {
            "filename": "hero_action_06",
            "frame": {
                "x": 0,
                "y": 0,
                "w": 29,
                "h": 31
            },
            "anchor": {
                "x": 0,
                "y": 0
            }
        },
        {
            "filename": "hero_idle_01",
            "frame": {
                "x": 30,
                "y": 32,
                "w": 29,
                "h": 31
            },
            "anchor": {
                "x": 0,
                "y": 0
            }
        },
        {
            "filename": "hero_idle_02",
            "frame": {
                "x": 89,
                "y": 64,
                "w": 27,
                "h": 31
            },
            "anchor": {
                "x": -0.04,
                "y": 0
            }
        },
        {
            "filename": "hero_idle_03",
            "frame": {
                "x": 60,
                "y": 64,
                "w": 28,
                "h": 31
            },
            "anchor": {
                "x": 0,
                "y": 0
            }
        },
        {
            "filename": "hero_walking_01",
            "frame": {
                "x": 0,
                "y": 32,
                "w": 29,
                "h": 31
            },
            "anchor": {
                "x": 0,
                "y": 0
            }
        },
        {
            "filename": "hero_walking_02",
            "frame": {
                "x": 90,
                "y": 0,
                "w": 26,
                "h": 32
            },
            "anchor": {
                "x": -0.02,
                "y": 0
            }
        },
        {
            "filename": "hero_walking_03",
            "frame": {
                "x": 0,
                "y": 96,
                "w": 27,
                "h": 30
            },
            "anchor": {
                "x": -0.06,
                "y": 0
            }
        }
    ],
    "meta": {
        "size": {
            "w": 117,
            "h": 127
        },
        "scale": "1"
    }
}
