{
    "frames": [
        {
            "filename": "robot_after_shooting_01",
            "frame": {
                "x": 548,
                "y": 182,
                "w": 67,
                "h": 60
            },
            "anchor": {
                "x": 0,
                "y": 0
            }
        },
        {
            "filename": "robot_after_shooting_02",
            "frame": {
                "x": 471,
                "y": 249,
                "w": 75,
                "h": 64
            },
            "anchor": {
                "x": 0,
                "y": 0
            }
        },
        {
            "filename": "robot_after_shooting_03",
            "frame": {
                "x": 467,
                "y": 0,
                "w": 76,
                "h": 60
            },
            "anchor": {
                "x": 0,
                "y": 0
            }
        },
        {
            "filename": "robot_after_shooting_04",
            "frame": {
                "x": 295,
                "y": 364,
                "w": 85,
                "h": 60
            },
            "anchor": {
                "x": 0,
                "y": 0
            }
        },
        {
            "filename": "robot_dying_01",
            "frame": {
                "x": 209,
                "y": 0,
                "w": 86,
                "h": 73
            },
            "anchor": {
                "x": 0,
                "y": 0.18
            }
        },
        {
            "filename": "robot_dying_02",
            "frame": {
                "x": 114,
                "y": 487,
                "w": 100,
                "h": 67
            },
            "anchor": {
                "x": 0,
                "y": 0.1
            }
        },
        {
            "filename": "robot_dying_03",
            "frame": {
                "x": 0,
                "y": 304,
                "w": 115,
                "h": 68
            },
            "anchor": {
                "x": 0,
                "y": 0.12
            }
        },
        {
            "filename": "robot_dying_04",
            "frame": {
                "x": 0,
                "y": 0,
                "w": 118,
                "h": 73
            },
            "anchor": {
                "x": 0,
                "y": 0.18
            }
        },
        {
            "filename": "robot_dying_05",
            "frame": {
                "x": 0,
                "y": 74,
                "w": 118,
                "h": 68
            },
            "anchor": {
                "x": 0,
                "y": 0.12
            }
        },
        {
            "filename": "robot_dying_06",
            "frame": {
                "x": 0,
                "y": 373,
                "w": 115,
                "h": 51
            },
            "anchor": {
                "x": 0,
                "y": -0.18
            }
        },
        {
            "filename": "robot_dying_07",
            "frame": {
                "x": 0,
                "y": 554,
                "w": 100,
                "h": 57
            },
            "anchor": {
                "x": 0,
                "y": -0.06
            }
        },
        {
            "filename": "robot_dying_08",
            "frame": {
                "x": 209,
                "y": 74,
                "w": 86,
                "h": 63
            },
            "anchor": {
                "x": 0,
                "y": 0.05
            }
        },
        {
            "filename": "robot_dying_09",
            "frame": {
                "x": 208,
                "y": 141,
                "w": 86,
                "h": 78
            },
            "anchor": {
                "x": 0,
                "y": 0.23
            }
        },
        {
            "filename": "robot_dying_10",
            "frame": {
                "x": 101,
                "y": 555,
                "w": 100,
                "h": 51
            },
            "anchor": {
                "x": 0,
                "y": -0.18
            }
        },
        {
            "filename": "robot_dying_11",
            "frame": {
                "x": 0,
                "y": 220,
                "w": 115,
                "h": 37
            },
            "anchor": {
                "x": 0,
                "y": -0.62
            }
        },
        {
            "filename": "robot_dying_12",
            "frame": {
                "x": 0,
                "y": 258,
                "w": 115,
                "h": 45
            },
            "anchor": {
                "x": 0,
                "y": -0.33
            }
        },
        {
            "filename": "robot_dying_13",
            "frame": {
                "x": 116,
                "y": 437,
                "w": 83,
                "h": 47
            },
            "anchor": {
                "x": 0,
                "y": -0.28
            }
        },
        {
            "filename": "robot_dying_14",
            "frame": {
                "x": 0,
                "y": 487,
                "w": 113,
                "h": 66
            },
            "anchor": {
                "x": 0,
                "y": 0.08
            }
        },
        {
            "filename": "robot_dying_15",
            "frame": {
                "x": 116,
                "y": 290,
                "w": 96,
                "h": 75
            },
            "anchor": {
                "x": 0,
                "y": 0.2
            }
        },
        {
            "filename": "robot_dying_16",
            "frame": {
                "x": 301,
                "y": 486,
                "w": 50,
                "h": 36
            },
            "anchor": {
                "x": 0,
                "y": 0
            }
        },
        {
            "filename": "robot_hit_01",
            "frame": {
                "x": 213,
                "y": 290,
                "w": 86,
                "h": 73
            },
            "anchor": {
                "x": 0,
                "y": 0
            }
        },
        {
            "filename": "robot_hit_02",
            "frame": {
                "x": 116,
                "y": 220,
                "w": 100,
                "h": 69
            },
            "anchor": {
                "x": 0,
                "y": 0
            }
        },
        {
            "filename": "robot_hit_03",
            "frame": {
                "x": 0,
                "y": 425,
                "w": 115,
                "h": 61
            },
            "anchor": {
                "x": 0,
                "y": 0
            }
        },
        {
            "filename": "robot_hit_04",
            "frame": {
                "x": 0,
                "y": 143,
                "w": 118,
                "h": 76
            },
            "anchor": {
                "x": 0,
                "y": 0
            }
        },
        {
            "filename": "robot_idle_01",
            "frame": {
                "x": 296,
                "y": 0,
                "w": 85,
                "h": 60
            },
            "anchor": {
                "x": 0,
                "y": 0
            }
        },
        {
            "filename": "robot_idle_02",
            "frame": {
                "x": 300,
                "y": 281,
                "w": 85,
                "h": 60
            },
            "anchor": {
                "x": 0,
                "y": 0
            }
        },
        {
            "filename": "robot_idle_03",
            "frame": {
                "x": 386,
                "y": 269,
                "w": 84,
                "h": 60
            },
            "anchor": {
                "x": 0,
                "y": 0
            }
        },
        {
            "filename": "robot_idle_04",
            "frame": {
                "x": 388,
                "y": 188,
                "w": 83,
                "h": 60
            },
            "anchor": {
                "x": 0,
                "y": 0
            }
        },
        {
            "filename": "robot_idle_05",
            "frame": {
                "x": 386,
                "y": 269,
                "w": 84,
                "h": 60
            },
            "anchor": {
                "x": 0,
                "y": 0
            }
        },
        {
            "filename": "robot_idle_06",
            "frame": {
                "x": 300,
                "y": 281,
                "w": 85,
                "h": 60
            },
            "anchor": {
                "x": 0,
                "y": 0
            }
        },
        {
            "filename": "robot_punching_01",
            "frame": {
                "x": 295,
                "y": 138,
                "w": 85,
                "h": 60
            },
            "anchor": {
                "x": 0,
                "y": 0
            }
        },
        {
            "filename": "robot_punching_02",
            "frame": {
                "x": 472,
                "y": 391,
                "w": 75,
                "h": 60
            },
            "anchor": {
                "x": 0,
                "y": 0
            }
        },
        {
            "filename": "robot_punching_03",
            "frame": {
                "x": 547,
                "y": 247,
                "w": 67,
                "h": 59
            },
            "anchor": {
                "x": 0,
                "y": -0.02
            }
        },
        {
            "filename": "robot_punching_04",
            "frame": {
                "x": 549,
                "y": 69,
                "w": 62,
                "h": 57
            },
            "anchor": {
                "x": 0,
                "y": -0.06
            }
        },
        {
            "filename": "robot_punching_05",
            "frame": {
                "x": 467,
                "y": 61,
                "w": 69,
                "h": 56
            },
            "anchor": {
                "x": 0,
                "y": -0.075
            }
        },
        {
            "filename": "robot_punching_06",
            "frame": {
                "x": 377,
                "y": 558,
                "w": 75,
                "h": 54
            },
            "anchor": {
                "x": 0,
                "y": -0.11
            }
        },
        {
            "filename": "robot_punching_07",
            "frame": {
                "x": 545,
                "y": 452,
                "w": 68,
                "h": 55
            },
            "anchor": {
                "x": 0,
                "y": -0.09
            }
        },
        {
            "filename": "robot_punching_08",
            "frame": {
                "x": 206,
                "y": 422,
                "w": 88,
                "h": 55
            },
            "anchor": {
                "x": 0,
                "y": -0.09
            }
        },
        {
            "filename": "robot_punching_09",
            "frame": {
                "x": 202,
                "y": 555,
                "w": 88,
                "h": 55
            },
            "anchor": {
                "x": 0,
                "y": -0.1
            }
        },
        {
            "filename": "robot_punching_10",
            "frame": {
                "x": 206,
                "y": 366,
                "w": 88,
                "h": 55
            },
            "anchor": {
                "x": 0,
                "y": -0.1
            }
        },
        {
            "filename": "robot_shield_01",
            "frame": {
                "x": 381,
                "y": 342,
                "w": 84,
                "h": 59
            },
            "anchor": {
                "x": 0,
                "y": -0.02
            }
        },
        {
            "filename": "robot_shield_02",
            "frame": {
                "x": 382,
                "y": 60,
                "w": 84,
                "h": 59
            },
            "anchor": {
                "x": 0,
                "y": -0.02
            }
        },
        {
            "filename": "robot_shield_03",
            "frame": {
                "x": 382,
                "y": 0,
                "w": 84,
                "h": 59
            },
            "anchor": {
                "x": 0,
                "y": -0.02
            }
        },
        {
            "filename": "robot_shield_04",
            "frame": {
                "x": 381,
                "y": 122,
                "w": 84,
                "h": 65
            },
            "anchor": {
                "x": 0,
                "y": 0.08
            }
        },
        {
            "filename": "robot_shield_05",
            "frame": {
                "x": 303,
                "y": 199,
                "w": 84,
                "h": 69
            },
            "anchor": {
                "x": 0,
                "y": 0.13
            }
        },
        {
            "filename": "robot_shield_06",
            "frame": {
                "x": 377,
                "y": 486,
                "w": 84,
                "h": 71
            },
            "anchor": {
                "x": 0,
                "y": 0.155
            }
        },
        {
            "filename": "robot_shield_07",
            "frame": {
                "x": 119,
                "y": 141,
                "w": 88,
                "h": 68
            },
            "anchor": {
                "x": 0,
                "y": 0.12
            }
        },
        {
            "filename": "robot_shield_08",
            "frame": {
                "x": 119,
                "y": 71,
                "w": 89,
                "h": 69
            },
            "anchor": {
                "x": 0,
                "y": 0.13
            }
        },
        {
            "filename": "robot_shield_09",
            "frame": {
                "x": 119,
                "y": 0,
                "w": 89,
                "h": 70
            },
            "anchor": {
                "x": 0,
                "y": 0.14
            }
        },
        {
            "filename": "robot_shield_10",
            "frame": {
                "x": 119,
                "y": 71,
                "w": 89,
                "h": 69
            },
            "anchor": {
                "x": 0,
                "y": 0.13
            }
        },
        {
            "filename": "robot_shield_11",
            "frame": {
                "x": 119,
                "y": 0,
                "w": 89,
                "h": 70
            },
            "anchor": {
                "x": 0,
                "y": 0.145
            }
        },
        {
            "filename": "robot_shield_12",
            "frame": {
                "x": 119,
                "y": 71,
                "w": 89,
                "h": 69
            },
            "anchor": {
                "x": 0,
                "y": 0.13
            }
        },
        {
            "filename": "robot_shield_13",
            "frame": {
                "x": 116,
                "y": 366,
                "w": 89,
                "h": 70
            },
            "anchor": {
                "x": 0,
                "y": 0.14
            }
        },
        {
            "filename": "robot_shooting_01",
            "frame": {
                "x": 215,
                "y": 478,
                "w": 85,
                "h": 60
            },
            "anchor": {
                "x": 0,
                "y": 0
            }
        },
        {
            "filename": "robot_shooting_02",
            "frame": {
                "x": 291,
                "y": 539,
                "w": 85,
                "h": 60
            },
            "anchor": {
                "x": 0,
                "y": 0
            }
        },
        {
            "filename": "robot_shooting_03",
            "frame": {
                "x": 217,
                "y": 220,
                "w": 85,
                "h": 60
            },
            "anchor": {
                "x": 0,
                "y": 0
            }
        },
        {
            "filename": "robot_shooting_04",
            "frame": {
                "x": 301,
                "y": 425,
                "w": 85,
                "h": 60
            },
            "anchor": {
                "x": 0,
                "y": 0
            }
        },
        {
            "filename": "robot_shooting_05",
            "frame": {
                "x": 466,
                "y": 330,
                "w": 76,
                "h": 60
            },
            "anchor": {
                "x": 0,
                "y": 0
            }
        },
        {
            "filename": "robot_shooting_06",
            "frame": {
                "x": 543,
                "y": 314,
                "w": 73,
                "h": 60
            },
            "anchor": {
                "x": 0,
                "y": 0
            }
        },
        {
            "filename": "robot_shooting_07",
            "frame": {
                "x": 472,
                "y": 182,
                "w": 75,
                "h": 64
            },
            "anchor": {
                "x": 0,
                "y": 0.06
            }
        },
        {
            "filename": "robot_shooting_08",
            "frame": {
                "x": 544,
                "y": 0,
                "w": 70,
                "h": 68
            },
            "anchor": {
                "x": 0,
                "y": 0.12
            }
        },
        {
            "filename": "robot_shooting_09",
            "frame": {
                "x": 548,
                "y": 375,
                "w": 65,
                "h": 65
            },
            "anchor": {
                "x": 0,
                "y": 0.08
            }
        },
        {
            "filename": "robot_shooting_10",
            "frame": {
                "x": 545,
                "y": 508,
                "w": 67,
                "h": 59
            },
            "anchor": {
                "x": 0,
                "y": -0.02
            }
        },
        {
            "filename": "robot_shooting_11",
            "frame": {
                "x": 548,
                "y": 182,
                "w": 67,
                "h": 60
            },
            "anchor": {
                "x": 0,
                "y": 0
            }
        },
        {
            "filename": "robot_walking_01",
            "frame": {
                "x": 296,
                "y": 0,
                "w": 85,
                "h": 60
            },
            "anchor": {
                "x": 0,
                "y": 0
            }
        },
        {
            "filename": "robot_walking_02",
            "frame": {
                "x": 300,
                "y": 281,
                "w": 85,
                "h": 60
            },
            "anchor": {
                "x": 0,
                "y": 0
            }
        },
        {
            "filename": "robot_walking_03",
            "frame": {
                "x": 386,
                "y": 269,
                "w": 84,
                "h": 60
            },
            "anchor": {
                "x": 0,
                "y": 0
            }
        },
        {
            "filename": "robot_walking_04",
            "frame": {
                "x": 388,
                "y": 188,
                "w": 83,
                "h": 60
            },
            "anchor": {
                "x": 0,
                "y": 0
            }
        },
        {
            "filename": "robot_walking_05",
            "frame": {
                "x": 462,
                "y": 463,
                "w": 82,
                "h": 61
            },
            "anchor": {
                "x": 0,
                "y": 0.02
            }
        },
        {
            "filename": "robot_walking_06",
            "frame": {
                "x": 462,
                "y": 525,
                "w": 82,
                "h": 61
            },
            "anchor": {
                "x": 0,
                "y": 0.02
            }
        },
        {
            "filename": "robot_walking_07",
            "frame": {
                "x": 466,
                "y": 120,
                "w": 82,
                "h": 61
            },
            "anchor": {
                "x": 0,
                "y": 0.01
            }
        },
        {
            "filename": "robot_walking_08",
            "frame": {
                "x": 387,
                "y": 402,
                "w": 84,
                "h": 60
            },
            "anchor": {
                "x": 0,
                "y": 0
            }
        },
        {
            "filename": "robot_walking_09",
            "frame": {
                "x": 296,
                "y": 61,
                "w": 85,
                "h": 60
            },
            "anchor": {
                "x": 0,
                "y": 0
            }
        }
    ],
    "meta": {
        "size": {
            "w": 617,
            "h": 613
        },
        "scale": "1"
    }
}
