{
    "frames": [
        {
            "filename": "ufo_dying_01",
            "frame": {
                "x": 89,
                "y": 119,
                "w": 85,
                "h": 49
            },
            "anchor": {
                "x": 0.24,
                "y": 0.36
            }
        },
        {
            "filename": "ufo_dying_02",
            "frame": {
                "x": 177,
                "y": 0,
                "w": 40,
                "h": 30
            },
            "anchor": {
                "x": 0,
                "y": 0
            }
        },
        {
            "filename": "ufo_dying_03",
            "frame": {
                "x": 0,
                "y": 61,
                "w": 89,
                "h": 57
            },
            "anchor": {
                "x": 0.24,
                "y": 0.1
            }
        },
        {
            "filename": "ufo_dying_04",
            "frame": {
                "x": 89,
                "y": 169,
                "w": 58,
                "h": 47
            },
            "anchor": {
                "x": 0.24,
                "y": 0.1
            }
        },
        {
            "filename": "ufo_dying_05",
            "frame": {
                "x": 0,
                "y": 0,
                "w": 92,
                "h": 60
            },
            "anchor": {
                "x": 0.24,
                "y": 0.1
            }
        },
        {
            "filename": "ufo_dying_06",
            "frame": {
                "x": 0,
                "y": 119,
                "w": 88,
                "h": 71
            },
            "anchor": {
                "x": 0.24,
                "y": 0.1
            }
        },
        {
            "filename": "ufo_idle_01",
            "frame": {
                "x": 174,
                "y": 64,
                "w": 41,
                "h": 31
            },
            "anchor": {
                "x": 0,
                "y": 0
            }
        },
        {
            "filename": "ufo_idle_02",
            "frame": {
                "x": 175,
                "y": 128,
                "w": 41,
                "h": 31
            },
            "anchor": {
                "x": 0,
                "y": 0
            }
        },
        {
            "filename": "ufo_idle_03",
            "frame": {
                "x": 175,
                "y": 96,
                "w": 41,
                "h": 31
            },
            "anchor": {
                "x": 0,
                "y": 0
            }
        },
        {
            "filename": "ufo_idle_04",
            "frame": {
                "x": 132,
                "y": 32,
                "w": 41,
                "h": 31
            },
            "anchor": {
                "x": 0,
                "y": 0
            }
        },
        {
            "filename": "ufo_idle_05",
            "frame": {
                "x": 90,
                "y": 61,
                "w": 41,
                "h": 31
            },
            "anchor": {
                "x": 0,
                "y": 0
            }
        },
        {
            "filename": "ufo_idle_06",
            "frame": {
                "x": 132,
                "y": 64,
                "w": 41,
                "h": 31
            },
            "anchor": {
                "x": 0,
                "y": 0
            }
        },
        {
            "filename": "ufo_idle_07",
            "frame": {
                "x": 93,
                "y": 0,
                "w": 41,
                "h": 31
            },
            "anchor": {
                "x": 0,
                "y": 0
            }
        },
        {
            "filename": "ufo_idle_08",
            "frame": {
                "x": 135,
                "y": 0,
                "w": 41,
                "h": 31
            },
            "anchor": {
                "x": 0,
                "y": 0
            }
        },
        {
            "filename": "ufo_idle_09",
            "frame": {
                "x": 148,
                "y": 169,
                "w": 41,
                "h": 31
            },
            "anchor": {
                "x": 0,
                "y": 0
            }
        },
        {
            "filename": "ufo_idle_10",
            "frame": {
                "x": 174,
                "y": 32,
                "w": 41,
                "h": 31
            },
            "anchor": {
                "x": 0,
                "y": 0
            }
        }
    ],
    "meta": {
        "size": {
            "w": 218,
            "h": 217
        },
        "scale": "1"
    }
}
